,borough,year,all_ages,minor,18_24,25_34,35_44,45_54,55_64,65+,houses_sold,average_price
0,barking and dagenham,2002,166357,42803,15499,26662,25664,18257,13916,23556,3449,112221
1,barking and dagenham,2003,166210,42862,15831,26025,26267,18132,14149,22944,3615,142499
2,barking and dagenham,2004,165610,42872,16136,25631,26398,18211,14115,22247,3616,158176
3,barking and dagenham,2005,166275,43792,15848,25884,26588,18491,14051,21621,2890,163360
4,barking and dagenham,2006,167157,44717,15705,26016,26737,18894,14117,20971,3654,167853
5,barking and dagenham,2007,169031,46529,15503,26516,26851,19283,13999,20350,3985,184909
6,barking and dagenham,2008,172452,48309,15738,27647,26871,19958,13975,19954,1688,187356
7,barking and dagenham,2009,177580,50506,16268,28671,27349,20837,14266,19683,1262,156446
8,barking and dagenham,2010,182838,52318,17076,29825,27999,21747,14370,19503,1453,166560
9,barking and dagenham,2011,187029,53814,17979,30412,28393,22489,14603,19339,1458,163465
10,barking and dagenham,2012,190560,55647,18013,30769,28773,23149,14692,19517,1342,165863
11,barking and dagenham,2013,194352,57605,17673,31351,29305,23856,15023,19539,1788,173733
12,barking and dagenham,2014,198294,59106,17836,31949,29867,24355,15525,19656,2259,201172
13,barking and dagenham,2015,201979,60374,17870,32511,30432,25024,16162,19606,2405,233460
14,barnet,2002,320552,72162,28698,56459,49927,38724,29377,45205,7315,220746
15,barnet,2003,321802,73122,28399,55841,50510,38708,30223,44999,6208,251212
16,barnet,2004,323723,73985,28343,55568,51057,38901,30956,44913,6691,271854
17,barnet,2005,327541,74944,28634,56119,51887,39362,31746,44849,5380,279459
18,barnet,2006,330801,76155,29046,56436,52091,39962,32573,44538,6752,291337
19,barnet,2007,334837,77424,29770,56579,52707,40664,33148,44545,6861,326915
20,barnet,2008,339212,78418,30162,57634,52860,41724,33365,45049,3438,330023
21,barnet,2009,345829,79788,30613,59237,53381,43155,33674,45981,3170,299103
22,barnet,2010,351438,81456,30801,60480,53634,44110,34095,46862,4143,333128
23,barnet,2011,357538,83214,31304,61747,53749,45270,34549,47705,3908,338978
24,barnet,2012,363956,85311,31140,62684,54493,46547,34487,49294,4055,358627
25,barnet,2013,369088,86623,30576,63380,55286,47702,35008,50513,4771,374770
26,barnet,2014,374915,87983,30389,63758,56482,48925,35650,51728,5058,430363
27,barnet,2015,379691,88822,30084,63696,57580,50096,36394,53019,5125,478688
28,bexley,2002,219123,51579,16705,29715,34697,27920,23671,34836,5738,136798
29,bexley,2003,220016,51670,17077,29144,35069,27770,24228,35058,5194,164482
30,bexley,2004,220917,52072,17276,28472,35447,27931,24417,35302,5066,179141
31,bexley,2005,222391,52556,17472,28171,35566,28564,24603,35459,4055,186512
32,bexley,2006,223280,52739,17775,27739,35382,29130,25052,35463,4998,191831
33,bexley,2007,224625,52966,18507,27529,35055,29844,25077,35647,5004,208085
34,bexley,2008,226652,53348,19191,27682,34587,30716,25068,36060,2487,210199
35,bexley,2009,228146,53334,19814,27711,33951,31841,25093,36402,2173,189050
36,bexley,2010,230711,53916,20440,28166,33286,32863,25209,36831,2470,200874
37,bexley,2011,232774,54201,21021,28652,32476,33734,25184,37506,2545,200672
38,bexley,2012,234271,54556,21273,29148,31584,34379,24811,38520,2874,202546
39,bexley,2013,236687,54907,21506,29905,31467,34776,24928,39198,3378,213470
40,bexley,2014,239865,55545,21320,31144,31575,35157,25301,39823,3944,244459
41,bexley,2015,242142,55978,20677,32276,31823,35383,25917,40088,3942,274209
42,brent,2002,269871,59538,28558,55050,43791,29714,22796,30424,4803,185898
43,brent,2003,268323,60437,27338,52881,44030,30415,22712,30510,4226,216501
44,brent,2004,268335,60862,27118,51781,43794,31371,22698,30711,4076,236023
45,brent,2005,270939,61680,27364,51982,43934,32109,22893,30977,3274,241690
46,brent,2006,276504,63008,28328,53712,43966,33224,23239,31027,3937,253253
47,brent,2007,283273,64436,29759,55439,44476,34139,23695,31329,4285,286995
48,brent,2008,290901,65790,30888,58191,44878,35524,24102,31528,2060,292757
49,brent,2009,298118,67496,30946,60450,45606,36908,24791,31921,1571,264402
50,brent,2010,304785,69010,31206,62570,45585,38241,25828,32345,2389,289562
51,brent,2011,312245,70453,31322,65335,46263,39072,26958,32842,2191,298964
52,brent,2012,314660,71668,30058,65036,46751,39689,27737,33721,2057,314112
53,brent,2013,317264,72548,29163,64562,47270,40275,28921,34525,2465,339655
54,brent,2014,320762,74016,28585,63474,48006,40792,30344,35545,2984,394687
55,brent,2015,324012,75014,28459,62432,48847,41172,31457,36631,3126,440951
56,bromley,2002,296668,65668,20365,41935,47708,38532,32483,49977,8058,186646
57,bromley,2003,297253,65963,20213,40862,48709,38037,33508,49961,6875,215993
58,bromley,2004,297307,66096,19965,40104,49038,37924,34103,50077,7533,234462
59,bromley,2005,299421,66760,20034,39613,49606,38479,34714,50215,6335,239786
60,bromley,2006,300963,67144,20295,39088,49782,39300,35363,49991,8367,249691
61,bromley,2007,302625,67596,20765,39132,49551,40170,35370,50041,7968,277230
62,bromley,2008,304968,67860,21395,39297,49362,41380,35291,50383,3729,277727
63,bromley,2009,306924,68139,21990,38990,48536,42818,35457,50994,3906,249909
64,bromley,2010,308560,68314,22381,38822,47765,44186,35498,51594,4379,271049
65,bromley,2011,310554,68658,22699,39017,46974,45319,35485,52402,4335,274874
66,bromley,2012,314036,69595,22817,39776,46717,46448,34542,54141,4845,282025
67,bromley,2013,317899,70449,22751,40502,46928,47416,34444,55409,5486,296669
68,bromley,2014,321278,71473,22294,41109,47295,48265,34501,56341,6169,347857
69,bromley,2015,324857,72201,22701,41478,47759,48829,35093,56796,6054,385681
70,camden,2002,203972,36714,24275,51598,32713,21140,16244,21288,3851,314179
71,camden,2003,204254,36635,24403,50990,33013,21162,16725,21326,3150,323053
72,camden,2004,207341,37066,25702,51267,33592,21265,17099,21350,3760,351847
73,camden,2005,211088,37679,26233,52426,34434,21540,17395,21381,3319,368345
74,camden,2006,211032,37761,25895,51773,34631,21988,17599,21385,4156,394819
75,camden,2007,211520,37835,26020,51005,34894,22123,17996,21647,3630,466485
76,camden,2008,210273,38012,25006,50051,34725,22433,18085,21961,2052,501223
77,camden,2009,212924,38451,25192,49778,35433,23190,18271,22609,2186,454627
78,camden,2010,214725,38638,26305,49278,35165,23685,18314,23340,2733,513221
79,camden,2011,220087,39003,28311,50555,35139,24315,18595,24169,2620,554393
80,camden,2012,224962,40742,29060,50708,35371,25308,18569,25204,2413,586166
81,camden,2013,229719,42385,28519,51353,36112,26236,18924,26190,2930,667447
82,camden,2014,234846,44144,28412,51571,36748,27310,19422,27239,2780,756486
83,camden,2015,241059,45988,28204,52510,37781,28311,20081,28184,2487,787440
84,city of london,2002,7280,678,573,1912,1200,1110,849,958,392,269632
85,city of london,2003,7115,645,524,1859,1186,1071,887,943,480,270811
86,city of london,2004,7118,646,503,1807,1265,1044,909,944,377,301032
87,city of london,2005,7131,624,476,1808,1309,1009,959,946,303,311783
88,city of london,2006,7254,636,472,1842,1366,995,985,958,294,338518
89,city of london,2007,7607,658,576,1874,1494,1042,997,966,270,433838
90,city of london,2008,7429,629,519,1803,1426,1049,993,1010,140,427296
91,city of london,2009,7472,626,533,1869,1378,1071,955,1040,157,383417
92,city of london,2010,7338,678,505,1775,1322,1058,961,1039,236,453662
93,city of london,2011,7412,684,635,1789,1228,1073,952,1051,255,463930
94,city of london,2012,7604,793,600,1775,1285,1102,943,1106,197,525327
95,city of london,2013,7648,829,535,1787,1196,1155,944,1202,433,570008
96,city of london,2014,8072,955,536,1838,1227,1234,1006,1276,323,709385
97,city of london,2015,8760,1090,686,2005,1251,1323,1045,1360,308,760253
98,croydon,2002,335415,81127,27673,54084,56588,41337,31776,42830,8504,157022
99,croydon,2003,335919,81416,27855,52909,57247,41395,32393,42704,7546,185784
100,croydon,2004,337134,81947,28471,52084,57379,41971,32747,42535,7586,198588
101,croydon,2005,339052,82254,29024,51793,57427,43020,32974,42560,6247,204407
102,croydon,2006,340449,82461,29353,51894,56963,44042,33461,42275,8045,212111
103,croydon,2007,344029,83537,30106,52265,56619,45312,33770,42420,8180,233665
104,croydon,2008,349308,84722,30911,53788,55848,47063,33995,42981,3832,235998
105,croydon,2009,352763,85384,31318,54441,54954,48681,34504,43481,3347,203706
106,croydon,2010,357951,87048,31948,55049,54276,50324,35266,44040,3625,218639
107,croydon,2011,364815,89216,32345,56726,53725,51989,36158,44656,3493,215427
108,croydon,2012,368886,90729,31692,57177,53760,53134,36158,46236,3617,221817
109,croydon,2013,372752,91628,31594,57349,53901,54081,36723,47476,4852,234439
110,croydon,2014,376040,92350,30975,57225,54318,54809,37787,48576,6010,274827
111,croydon,2015,379031,93194,29979,57130,55286,54943,39164,49335,5766,307064
112,ealing,2002,309242,67391,29988,64650,50740,36072,25701,34700,6228,198426
113,ealing,2003,308108,67731,29320,63062,51172,36197,25989,34637,5749,221689
114,ealing,2004,310073,68156,30025,63029,51580,36505,26288,34490,6008,241038
115,ealing,2005,312774,68712,30108,63763,52027,37046,26624,34494,4881,244871
116,ealing,2006,315329,69291,30426,64332,52088,37659,27078,34455,6482,260206
117,ealing,2007,318671,70380,30953,64480,52468,38084,27719,34587,6158,293783
118,ealing,2008,324022,71912,31270,65983,52975,38737,28269,34876,2720,295324
119,ealing,2009,329966,73585,31385,66875,53665,39949,29150,35357,2368,264041
120,ealing,2010,334073,75196,31269,66961,53799,40989,30027,35832,3169,292825
121,ealing,2011,339314,76787,31285,67720,53992,42127,30947,36456,3011,302306
122,ealing,2012,340671,78096,29839,66741,54241,43020,31285,37449,3237,318697
123,ealing,2013,342494,79516,28472,65659,54681,43913,31791,38462,3848,338088
124,ealing,2014,342118,80256,27326,62801,55171,44776,32267,39521,3502,400039
125,ealing,2015,343059,81270,26471,60796,55388,45662,33068,40404,3669,438310
126,enfield,2002,280745,66084,25622,45263,46562,33142,26393,37679,7237,159790
127,enfield,2003,281835,66840,25942,44102,47335,33344,26723,37549,6321,190572
128,enfield,2004,282217,67616,25884,43146,47411,33831,26931,37398,6212,205848
129,enfield,2005,284779,68929,25963,43109,47531,34698,27176,37373,5058,212548
130,enfield,2006,287429,70363,26172,43393,47252,35663,27477,37109,6312,219541
131,enfield,2007,291534,72073,26790,44014,47185,36666,27696,37110,6416,243911
132,enfield,2008,297443,73976,27659,45312,47239,38081,27740,37436,3078,245839
133,enfield,2009,301971,75564,28244,46074,46846,39385,27984,37874,2538,221993
134,enfield,2010,307648,77283,29003,47643,46285,40805,28337,38292,2888,242127
135,enfield,2011,313935,78886,29593,49391,45953,42273,28776,39063,2717,241991
136,enfield,2012,317287,80121,29070,49961,45674,43406,28942,40113,2801,247667
137,enfield,2013,320524,80924,28434,50668,45717,44321,29567,40893,3416,261604
138,enfield,2014,324574,81999,28157,51040,46293,45098,30391,41596,3904,294515
139,enfield,2015,328433,83164,27836,51557,46745,45736,31350,42045,3771,335503
140,greenwich,2002,221476,52769,22161,40542,35530,24264,18671,27539,5395,147421
141,greenwich,2003,224303,53521,22897,40751,36392,24421,19127,27194,4942,171042
142,greenwich,2004,227190,53949,23784,41261,37064,24938,19317,26877,5639,186893
143,greenwich,2005,230494,54952,23880,42353,37719,25699,19397,26494,4698,196343
144,greenwich,2006,233990,55865,24442,43307,37984,26716,19498,26178,5257,207167
145,greenwich,2007,236535,56783,24738,43774,38390,27296,19804,25750,5181,228861
146,greenwich,2008,239748,57716,24861,44486,38866,28171,20051,25597,2387,231136
147,greenwich,2009,243672,59084,24850,45124,39265,29220,20412,25717,1937,210322
148,greenwich,2010,249171,60282,25833,46033,39957,30422,20765,25879,2233,229069
149,greenwich,2011,255483,61458,26861,47462,40630,31432,21409,26231,2560,229295
150,greenwich,2012,260068,62518,26964,48431,41379,32495,21247,27034,2764,236980
151,greenwich,2013,264008,63690,26034,49251,42420,33484,21506,27623,3534,253399
152,greenwich,2014,268678,64676,25263,50159,43691,34372,22338,28179,4625,298351
153,greenwich,2015,274803,66043,25443,50683,45491,35229,23247,28667,4301,331848
154,hackney,2002,210961,53964,22129,45285,36179,20805,13826,18764,3656,180269
155,hackney,2003,212403,54499,22631,45116,36838,20991,13897,18420,2764,201071
156,hackney,2004,213582,54689,23528,45105,36848,21347,13927,18143,3322,217677
157,hackney,2005,216512,54832,24522,46322,36853,21952,14073,17940,2544,227937
158,hackney,2006,220193,54735,25629,48257,37046,22610,14238,17661,3389,253254
159,hackney,2007,224481,54937,26529,50276,37422,23411,14523,17380,3555,290396
160,hackney,2008,231041,54991,27646,53960,37935,24379,14857,17266,1691,311770
161,hackney,2009,236621,55339,27578,57566,38384,25138,15214,17392,1852,282240
162,hackney,2010,241739,55999,27209,60831,38542,26038,15739,17380,2187,300491
163,hackney,2011,247183,56462,26519,64772,38905,26825,16250,17426,2217,308698
164,hackney,2012,252117,57778,24832,67524,39765,27766,16555,17871,2618,325492
165,hackney,2013,257381,58951,23502,70067,40944,28545,16985,18320,2720,372669
166,hackney,2014,263150,59983,22605,71765,42949,29214,17759,18875,2918,456388
167,hackney,2015,269009,61233,22224,72346,45327,29993,18554,19332,2922,506799
168,hammersmith and fulham,2002,171989,30923,18181,48244,27690,16870,12879,17202,3945,302459
169,hammersmith and fulham,2003,171510,31363,18203,46853,28251,16856,12952,17032,3332,318805
170,hammersmith and fulham,2004,172083,31295,18884,46267,28762,16996,13011,16868,3692,343381
171,hammersmith and fulham,2005,173292,31299,19407,46284,29302,17262,12967,16771,3189,362575
172,hammersmith and fulham,2006,174675,31089,20052,46669,29424,17705,12993,16743,4105,397586
173,hammersmith and fulham,2007,176472,31312,20863,46483,30054,18004,13259,16497,3776,474140
174,hammersmith and fulham,2008,177088,31624,21003,46421,29895,18482,13320,16343,1626,474947
175,hammersmith and fulham,2009,180116,31974,21100,47283,30764,19074,13549,16372,1918,435456
176,hammersmith and fulham,2010,180842,32257,20614,47433,30825,19606,13705,16402,2489,502256
177,hammersmith and fulham,2011,182445,32563,20239,48143,30869,20324,13783,16524,2691,518573
178,hammersmith and fulham,2012,179850,32870,17996,46851,30460,21050,13636,16987,2596,567082
179,hammersmith and fulham,2013,178685,33328,16492,45543,30378,21605,13842,17497,3013,631529
180,hammersmith and fulham,2014,178365,33777,16085,43798,30317,22310,14090,17988,2870,721099
181,hammersmith and fulham,2015,179410,34248,16387,42113,30729,22871,14597,18465,2448,760833
182,haringey,2002,224474,50777,23894,49875,39262,23020,16522,21124,4532,195801
183,haringey,2003,225027,51485,23381,49033,40107,23356,16679,20986,3827,220320
184,haringey,2004,226472,52221,23296,48857,40508,23858,16836,20896,4365,236265
185,haringey,2005,229271,52935,23305,49452,40719,24742,17038,21080,3471,245820
186,haringey,2006,233174,53679,23647,50280,41465,25646,17374,21083,4620,263920
187,haringey,2007,236793,54524,24109,50960,41935,26493,17740,21032,4278,305509
188,haringey,2008,244459,55907,24934,54047,42325,27769,18216,21261,1986,303396
189,haringey,2009,249805,56750,24641,55670,43075,29230,18743,21696,1838,276214
190,haringey,2010,252742,57283,24458,56152,42979,30342,19389,22139,2319,314479
191,haringey,2011,255540,57566,24277,56792,43040,31380,19991,22494,2274,326468
192,haringey,2012,258912,58202,23890,57049,43707,32529,20401,23134,2443,339685
193,haringey,2013,263386,58961,23097,57887,45022,33731,20882,23806,2665,372233
194,haringey,2014,267541,59769,23095,57553,46061,34938,21476,24649,2926,435807
195,haringey,2015,272864,60785,23433,57826,47391,35651,22475,25303,2765,480636
196,harrow,2002,212336,48299,18312,34007,33491,27075,20987,30165,4481,202680
197,harrow,2003,213728,48890,18412,33651,33766,27188,21472,30349,4183,232598
198,harrow,2004,216267,49800,19087,33754,33868,27486,21744,30528,4001,252291
199,harrow,2005,221109,50765,19857,34977,34233,28203,22287,30787,3283,255332
200,harrow,2006,223632,51006,20464,35372,34232,28920,22750,30888,4295,265448
201,harrow,2007,226355,51658,20951,35671,34326,29499,23201,31049,3984,293492
202,harrow,2008,229567,52435,21057,36485,34112,30227,23656,31595,2152,294650
203,harrow,2009,233495,53221,21166,37505,34078,31022,24132,32371,1932,263036
204,harrow,2010,237451,54339,21219,38508,34179,31359,24780,33067,2245,292166
205,harrow,2011,240499,54762,21586,39246,34058,31638,25323,33886,2156,296477
206,harrow,2012,242377,55198,21223,39487,34358,31923,25450,34738,2264,304904
207,harrow,2013,243373,55743,19804,39735,34739,32108,25725,35519,2574,319397
208,harrow,2014,246011,56642,19041,39890,35382,32359,26344,36353,2803,360795
209,harrow,2015,247130,57013,18705,39242,36006,32326,26888,36950,3107,408604
210,havering,2002,225054,50108,17056,28314,34175,29975,25483,39943,4881,149066
211,havering,2003,225248,50040,17332,27734,34191,29694,26271,39986,4505,179117
212,havering,2004,225769,50161,17424,27313,34224,29853,26779,40015,4829,195992
213,havering,2005,226990,50522,17627,27219,34087,30216,27196,40123,3953,204047
214,havering,2006,228198,50378,18040,27097,33972,30912,27748,40051,5076,211316
215,havering,2007,229789,50561,18581,27217,33840,31471,27919,40200,5392,233534
216,havering,2008,231793,50783,19253,27628,33302,32213,27972,40642,2599,231473
217,havering,2009,234127,50945,20005,28182,32751,32928,28130,41186,2391,205962
218,havering,2010,236234,51089,20449,28723,32245,33729,28204,41795,2722,220413
219,havering,2011,237927,50970,20900,29265,31653,34370,28212,42557,2587,219558
220,havering,2012,239733,51396,21051,29909,31120,34653,27648,43956,2810,221601
221,havering,2013,242080,52120,21048,31109,30533,34830,27625,44815,3574,226428
222,havering,2014,245974,53258,21079,32503,30722,34935,27895,45582,4246,259267
223,havering,2015,249085,54203,20776,33704,31345,34922,28276,45859,4188,291844
224,hillingdon,2002,247063,57441,24179,38755,39622,29918,23256,33892,5718,172147
225,hillingdon,2003,248054,57641,25074,37733,40094,29816,23710,33986,5518,202707
226,hillingdon,2004,248691,57841,25520,37295,40202,30007,24036,33790,5558,215696
227,hillingdon,2005,251430,58538,25870,37553,40644,30609,24386,33830,4481,222899
228,hillingdon,2006,254387,59364,26352,38140,40549,31511,24742,33729,5437,231405
229,hillingdon,2007,256981,60076,26845,38554,40358,32549,24844,33755,5430,253838
230,hillingdon,2008,261051,61317,27174,39680,40193,33527,25111,34049,3047,255580
231,hillingdon,2009,265665,62610,27825,40663,40120,34563,25460,34424,2572,228275
232,hillingdon,2010,269465,63558,28609,41387,39768,35371,25880,34892,3073,247991
233,hillingdon,2011,275499,64443,30306,42891,39860,36211,26377,35411,3361,251781
234,hillingdon,2012,281756,65966,30957,44364,40383,37061,26370,36655,3298,260476
235,hillingdon,2013,286808,67547,30408,45769,40858,37914,26755,37557,3355,270594
236,hillingdon,2014,292690,69207,30217,46796,42249,38355,27385,38481,3831,305781
237,hillingdon,2015,297735,70712,29853,47516,43622,38875,28227,38930,3839,352748
238,hounslow,2002,216888,49147,21554,42792,34879,25679,18515,24322,4857,175132
239,hounslow,2003,216498,49195,21192,41623,35426,25818,18920,24324,4549,198261
240,hounslow,2004,219440,49727,21636,42092,36109,26185,19288,24403,4609,215827
241,hounslow,2005,223776,50409,21996,43520,36743,26683,19782,24643,3620,222920
242,hounslow,2006,228126,51178,22661,44848,37123,27330,20383,24603,4741,237044
243,hounslow,2007,233454,52345,23480,46313,37629,27933,20901,24853,4790,260228
244,hounslow,2008,237907,53512,23661,47687,37900,28541,21347,25259,2295,262945
245,hounslow,2009,243366,54789,23707,49135,38459,29484,21970,25822,1811,236242
246,hounslow,2010,249236,56289,24063,50561,38941,30420,22540,26422,2458,257449
247,hounslow,2011,254927,57629,24279,51997,39456,31371,23180,27015,2294,264605
248,hounslow,2012,259052,59288,23668,52262,40566,32016,23439,27813,2369,267958
249,hounslow,2013,262407,60444,22819,52202,41744,32628,23910,28660,2850,290577
250,hounslow,2014,265568,61496,22595,51276,43017,33136,24500,29548,3335,324525
251,hounslow,2015,268770,62599,22409,50143,44309,33867,25027,30416,3333,351438
252,islington,2002,180118,35489,19976,43813,31439,18006,13651,17744,3307,247761
253,islington,2003,180899,35223,20500,43583,32093,18059,13812,17629,2804,262085
254,islington,2004,180831,34648,21128,43508,31992,18191,13834,17530,2975,285947
255,islington,2005,183477,34506,22033,44611,32332,18744,13758,17493,3015,295082
256,islington,2006,185283,34418,22771,45213,32303,19281,13906,17391,3975,319644
257,islington,2007,188636,34825,23692,46111,32694,19812,14143,17359,3706,385665
258,islington,2008,192089,35383,23729,48013,32564,20832,14119,17449,2274,386792
259,islington,2009,196704,35698,24091,50207,32891,21799,14383,17635,2349,345284
260,islington,2010,200129,36120,24076,52084,32573,22742,14708,17826,2802,398055
261,islington,2011,206285,36319,25226,55216,32483,23741,15203,18097,2577,424103
262,islington,2012,211047,37428,24606,57418,32870,24670,15436,18619,2837,442090
263,islington,2013,215671,38345,25295,58439,33233,25533,15662,19164,2998,495766
264,islington,2014,221030,39096,27021,59329,33780,26061,16125,19618,2876,585171
265,islington,2015,227692,40157,29368,60278,34649,26475,16755,20010,2382,643147
266,kensington and chelsea,2002,163830,27494,15205,37679,28168,19563,16271,19473,4403,460382
267,kensington and chelsea,2003,165268,28084,15681,37237,28701,19385,16726,19447,3451,460490
268,kensington and chelsea,2004,165753,28232,16088,36944,29054,18954,16994,19488,4006,512186
269,kensington and chelsea,2005,168374,28474,16600,38152,29470,19160,17046,19470,3350,520206
270,kensington and chelsea,2006,165244,27924,15797,37396,28847,19211,16981,19109,4208,598007
271,kensington and chelsea,2007,162881,27523,15331,36167,28597,19406,16743,19093,3692,746679
272,kensington and chelsea,2008,162578,27368,15186,36211,28213,19926,16469,19211,1697,784834
273,kensington and chelsea,2009,161893,27322,14641,35850,28111,20355,16358,19282,2019,705187
274,kensington and chelsea,2010,160465,27197,14422,35311,27475,20661,16086,19326,2430,837314
275,kensington and chelsea,2011,158248,26729,14189,34569,26707,20959,15794,19323,2463,908565
276,kensington and chelsea,2012,155928,26904,12854,32554,26543,21207,15610,20236,2220,1009044
277,kensington and chelsea,2013,155593,27334,12146,31438,26510,21474,15647,21067,2646,1126572
278,kensington and chelsea,2014,156190,27769,12004,30183,26716,21798,15929,21791,2704,1288405
279,kensington and chelsea,2015,157711,28330,12531,28974,27014,22053,16182,22627,2178,1302102
280,kingston upon thames,2002,149642,31003,16166,26701,24099,18745,13443,19485,4254,203104
281,kingston upon thames,2003,149683,30750,16362,26380,24269,18495,14039,19388,3545,228280
282,kingston upon thames,2004,151055,30791,17303,26436,24463,18362,14451,19249,3898,246424
283,kingston upon thames,2005,152489,31100,17414,26391,24845,18585,14887,19267,3214,251156
284,kingston upon thames,2006,153667,31224,17764,26555,24872,18858,15294,19100,4225,264667
285,kingston upon thames,2007,154485,31845,17912,26180,25068,19010,15339,19131,3910,306229
286,kingston upon thames,2008,156027,32260,17897,26358,25231,19405,15441,19435,1687,310396
287,kingston upon thames,2009,157307,32755,17566,26266,25418,19774,15833,19695,1866,266774
288,kingston upon thames,2010,158648,33249,17485,26013,25650,20221,15949,20081,2338,304310
289,kingston upon thames,2011,160436,33862,17905,25785,25646,20788,15945,20505,2239,312073
290,kingston upon thames,2012,163906,34917,18237,26309,26090,21224,15870,21259,2347,324577
291,kingston upon thames,2013,166793,35693,18040,26931,26524,21926,15871,21808,2764,345739
292,kingston upon thames,2014,169958,36760,17561,27620,27052,22325,16136,22504,3058,406106
293,kingston upon thames,2015,173525,37555,17508,28439,27851,22809,16379,22984,2626,438002
294,lambeth,2002,273041,56846,27486,73341,47878,25731,17426,24333,6280,190450
295,lambeth,2003,272195,57396,26763,71931,48597,26156,17356,23996,5438,203377
296,lambeth,2004,274262,57931,27552,71011,49576,27012,17421,23759,5957,221888
297,lambeth,2005,277620,57710,28813,71631,50324,27900,17665,23577,5183,228852
298,lambeth,2006,280524,57740,29508,71951,50930,29028,17899,23468,6620,250142
299,lambeth,2007,284964,57955,31068,72900,51519,30081,18205,23236,6307,298235
300,lambeth,2008,289126,58264,31682,74607,51329,31513,18566,23165,2960,295475
301,lambeth,2009,294050,58881,31953,76329,51312,33382,19101,23092,2364,267337
302,lambeth,2010,297650,59837,31247,77650,50842,35159,19795,23120,3492,297167
303,lambeth,2011,304481,60427,31593,81366,50451,36821,20597,23226,3586,304029
304,lambeth,2012,310200,61361,30234,85091,50657,37926,21194,23737,3939,327465
305,lambeth,2013,314242,61968,28748,87555,50989,38781,21962,24239,4935,362965
306,lambeth,2014,318216,62161,27895,89522,51519,39549,22808,24762,4973,433624
307,lambeth,2015,324431,62902,28392,90970,52567,40215,24037,25348,4647,471614
308,lewisham,2002,253662,58433,24299,52246,45798,26783,18961,27142,6133,143764
309,lewisham,2003,251936,58002,24007,50289,46483,27059,19149,26947,5520,170885
310,lewisham,2004,252455,57971,24451,49853,46753,27860,19047,26520,5867,184058
311,lewisham,2005,254930,58354,24780,50445,47260,28704,19185,26202,4724,190867
312,lewisham,2006,257976,59051,25210,51060,47310,29970,19460,25915,5929,202362
313,lewisham,2007,261188,59756,26010,51451,47239,31205,19735,25792,6019,229655
314,lewisham,2008,266508,60833,26799,53384,47134,32736,19909,25713,2566,231283
315,lewisham,2009,270418,61979,26731,54269,47017,34232,20430,25760,2096,211307
316,lewisham,2010,272525,62954,26784,54180,46345,35405,20894,25963,2783,225582
317,lewisham,2011,276938,63647,27284,55286,46415,36629,21458,26219,2840,228017
318,lewisham,2012,281556,64566,27076,56101,47399,37670,21987,26757,3329,240572
319,lewisham,2013,286180,65689,26464,57021,48582,38653,22647,27124,4218,260815
320,lewisham,2014,291933,66779,25912,58697,50145,39476,23549,27375,4612,315812
321,lewisham,2015,297325,67550,25971,59880,51416,40247,24616,27645,4402,355049
322,merton,2002,190561,40427,15953,39578,31806,22563,16149,24085,4843,195714
323,merton,2003,189298,40187,15534,38944,32149,22142,16469,23873,4094,220394
324,merton,2004,188908,40012,15668,38541,32411,21951,16765,23560,4591,238098
325,merton,2005,190583,40440,15866,38971,32776,22146,17076,23308,3772,246252
326,merton,2006,192520,40924,16251,39334,33066,22552,17243,23150,4774,257060
327,merton,2007,194260,41404,16857,39560,33258,22932,17391,22858,4483,297858
328,merton,2008,195859,41882,17053,39666,33289,23630,17544,22795,2225,300674
329,merton,2009,198136,42499,16893,40156,33527,24368,17839,22854,2203,271598
330,merton,2010,199136,43103,16419,40391,33216,24977,17997,23033,2541,299999
331,merton,2011,200543,43442,16302,41029,32868,25503,18182,23217,2594,306063
332,merton,2012,202225,44452,15478,40589,33571,26130,18240,23765,2770,316742
333,merton,2013,203223,44975,14744,40118,34070,26647,18442,24227,3246,344544
334,merton,2014,203515,45640,14043,39059,34298,27317,18519,24639,3147,419976
335,merton,2015,204565,46209,14101,37809,34898,27725,18887,24936,2984,457702
336,newham,2002,255282,71931,30801,50710,39440,24460,16369,21571,5514,137455
337,newham,2003,256224,71223,31942,50331,40198,24921,16233,21376,5393,168437
338,newham,2004,254434,70041,32330,49479,40041,25512,15947,21084,4725,185680
339,newham,2005,253798,69979,31716,49015,39900,26335,16008,20845,3909,193555
340,newham,2006,257994,70480,32916,50550,40077,27213,16286,20472,4457,203284
341,newham,2007,266285,72319,34691,53657,40802,27865,16699,20252,4370,226388
342,newham,2008,276478,74175,35883,58627,41374,29003,17103,20313,2688,221768
343,newham,2009,286447,75588,36683,63168,42520,30252,17812,20424,1408,188217
344,newham,2010,299171,76845,39237,68780,43862,31296,18670,20481,1681,204467
345,newham,2011,310460,78115,40829,73419,45274,32509,19614,20700,1602,207663
346,newham,2012,314084,79763,38675,74468,45846,33597,20503,21232,1703,212824
347,newham,2013,318227,81227,36948,75377,46423,34888,21495,21869,2386,222784
348,newham,2014,324322,82537,35865,76673,47780,36220,22704,22543,3045,258312
349,newham,2015,332817,83832,35751,78752,49555,37510,24001,23416,3082,297558
350,redbridge,2002,244273,57969,21925,39802,37732,30431,23167,33247,6225,169368
351,redbridge,2003,247412,59243,22107,40186,38355,30745,23699,33077,5684,203571
352,redbridge,2004,248774,60238,22115,40001,38440,31044,24031,32905,5845,222917
353,redbridge,2005,251560,61644,22077,40439,38729,31543,24374,32754,4882,226469
354,redbridge,2006,255590,63141,22705,41215,39135,32106,24796,32492,5788,239729
355,redbridge,2007,259965,64875,23393,42339,39507,32477,25115,32259,5423,266937
356,redbridge,2008,265452,66459,24199,44132,39658,33312,25133,32559,2984,264429
357,redbridge,2009,270435,67815,24750,45177,40106,34039,25672,32876,2537,232764
358,redbridge,2010,275088,69355,25034,46462,40249,34644,26104,33240,2952,252334
359,redbridge,2011,281395,70952,25950,48417,40605,35278,26620,33573,2529,261965
360,redbridge,2012,284617,71928,25503,49106,41478,35579,26658,34365,2503,265912
361,redbridge,2013,288272,73052,24850,49913,42443,35921,27077,35016,2985,274824
362,redbridge,2014,293055,74353,24859,50419,43559,36675,27542,35648,3693,304162
363,redbridge,2015,296793,75174,24646,50568,45016,37059,28112,36218,3464,343795
364,richmond upon thames,2002,175441,35923,13108,30732,31343,23585,17330,23420,5207,271689
365,richmond upon thames,2003,177182,36486,13337,30925,31886,23226,18088,23234,4535,294168
366,richmond upon thames,2004,179312,37058,13564,31150,32522,23231,18677,23110,4911,316541
367,richmond upon thames,2005,181508,37646,13497,31429,33140,23448,19141,23207,4254,323618
368,richmond upon thames,2006,182520,37905,13439,31183,33552,23683,19637,23121,5323,348496
369,richmond upon thames,2007,182421,38236,13023,30448,33550,24048,19916,23200,4639,410382
370,richmond upon thames,2008,182927,38778,12663,29716,33573,24654,20007,23536,2385,409389
371,richmond upon thames,2009,184394,39426,12460,29112,33772,25342,20045,24237,2567,369390
372,richmond upon thames,2010,186304,40138,12627,28732,33715,26013,20241,24838,3188,420083
373,richmond upon thames,2011,187527,40726,12662,28547,33417,26482,20193,25500,3132,434537
374,richmond upon thames,2012,189145,41849,11977,28117,33557,27095,19958,26592,3272,454941
375,richmond upon thames,2013,191365,42856,11594,27658,34056,27784,19952,27465,3621,492115
376,richmond upon thames,2014,193585,43705,11666,26848,34372,28607,20089,28298,3466,577055
377,richmond upon thames,2015,194730,44419,11741,25535,34561,29200,20424,28850,3258,618778
378,southwark,2002,256269,56117,28329,56153,46254,25623,17844,25949,5001,184684
379,southwark,2003,255242,55912,28009,55071,46850,26207,17788,25405,4595,199583
380,southwark,2004,257257,55817,29106,55490,47123,27023,17833,24865,5303,216903
381,southwark,2005,261811,55883,30017,57851,47571,28278,17842,24369,4455,224050
382,southwark,2006,267553,56455,31364,59981,48124,29667,18035,23927,5552,242759
383,southwark,2007,272626,57227,32702,61743,48433,30747,18303,23471,5181,289668
384,southwark,2008,276973,57716,32841,63859,48518,32321,18500,23218,2467,291213
385,southwark,2009,281120,58339,32647,65519,48743,33924,19081,22867,2320,261151
386,southwark,2010,283777,58570,32700,66596,48435,35280,19614,22582,3306,293913
387,southwark,2011,288717,59039,34057,68171,48281,36437,20308,22424,3173,312539
388,southwark,2012,293530,60268,33722,69512,48362,37856,20846,22964,3354,331124
389,southwark,2013,298465,61095,33672,71063,48572,38651,21936,23476,4281,360749
390,southwark,2014,302538,61702,32952,72493,49084,39268,23063,23976,3990,427767
391,southwark,2015,308901,62953,32413,74804,49831,39856,24524,24520,4056,467867
392,sutton,2002,181265,41695,13703,29362,30066,22470,17859,26110,5015,162526
393,sutton,2003,181267,41643,13674,28406,30500,22446,18360,26238,4485,187815
394,sutton,2004,181094,41453,13613,27986,30536,22631,18802,26073,4700,201829
395,sutton,2005,182103,41641,13704,27480,30888,23055,19162,26173,3808,209547
396,sutton,2006,182882,41559,14133,26978,31121,23682,19465,25944,4789,215723
397,sutton,2007,184174,41941,14368,26837,31351,24159,19559,25959,4702,241438
398,sutton,2008,185860,42189,14489,27239,31155,24979,19709,26100,2368,242701
399,sutton,2009,188167,42663,14687,27453,31096,25803,19942,26523,2390,212117
400,sutton,2010,189321,42983,14668,27306,30619,26679,20188,26878,2360,233489
401,sutton,2011,191123,43221,14725,27648,30218,27414,20355,27542,2433,233026
402,sutton,2012,193630,43958,14640,27942,30105,28376,19852,28757,2566,238842
403,sutton,2013,195914,44685,14346,28285,30047,29169,19963,29419,3006,252002
404,sutton,2014,198134,45316,14370,28189,30561,29511,20290,29897,3448,291132
405,sutton,2015,200145,46190,14095,27972,31292,29737,20700,30159,3406,322932
406,tower hamlets,2002,207031,51121,27538,52926,28354,16863,12059,18120,4715,187288
407,tower hamlets,2003,208650,51813,27708,53251,29029,17240,11742,17830,4092,207901
408,tower hamlets,2004,211154,52017,28829,54037,29630,17581,11536,17463,5794,219986
409,tower hamlets,2005,213383,51587,29686,55131,30438,17948,11377,17182,4800,225628
410,tower hamlets,2006,218401,51796,31072,57272,31476,18588,11384,16795,5309,243033
411,tower hamlets,2007,225249,51915,33259,60062,32632,19191,11741,16420,5405,287172
412,tower hamlets,2008,231892,52218,34760,63128,33691,19855,12139,16086,2529,298002
413,tower hamlets,2009,240495,53146,36156,66588,35377,20657,12694,15838,2966,258248
414,tower hamlets,2010,248520,54539,37029,70055,36765,21208,13221,15677,3768,282748
415,tower hamlets,2011,256012,55395,36983,74671,37725,21814,13808,15597,3362,287262
416,tower hamlets,2012,263003,57651,35300,77092,39724,22746,14420,16024,3596,285453
417,tower hamlets,2013,272889,60486,33618,80711,42042,24022,15373,16607,4430,309051
418,tower hamlets,2014,284015,62826,33599,83703,44767,25623,16406,17091,5180,382241
419,tower hamlets,2015,295236,64993,34279,85575,48096,27133,17472,17688,4183,421944
420,waltham forest,2002,223776,52622,21950,44755,36873,23847,18343,25386,5288,148137
421,waltham forest,2003,224115,52896,21964,43826,37641,24133,18515,25140,4931,175075
422,waltham forest,2004,225002,53595,22385,42687,38070,24747,18475,25043,4742,191377
423,waltham forest,2005,226747,54242,22380,42400,38662,25629,18538,24896,4254,197240
424,waltham forest,2006,230731,55384,23336,42655,39283,26549,18884,24640,4981,209707
425,waltham forest,2007,235665,56769,24323,43338,40163,27413,19046,24613,4825,237017
426,waltham forest,2008,242098,57985,25451,45547,40643,28325,19355,24792,2390,232886
427,waltham forest,2009,248140,59256,25834,47433,41067,29623,19931,24996,1971,204935
428,waltham forest,2010,254009,60650,25926,49439,41359,30723,20656,25256,2242,222102
429,waltham forest,2011,259742,61620,26551,51100,41429,32023,21249,25770,2317,220905
430,waltham forest,2012,262566,62833,25584,51393,41833,33098,21388,26437,2325,230726
431,waltham forest,2013,265797,63797,24436,51945,42582,34132,21882,27023,2905,254265
432,waltham forest,2014,268020,64296,23663,51970,42935,34944,22701,27511,3566,314934
433,waltham forest,2015,271170,65122,22794,52450,43744,35547,23632,27881,3494,357513
434,wandsworth,2002,274917,46488,28840,82550,44270,25458,19107,28204,8510,232805
435,wandsworth,2003,276828,47505,28569,82833,45395,25384,19354,27788,7144,253342
436,wandsworth,2004,278615,48337,28746,82725,46329,25468,19620,27390,8405,271649
437,wandsworth,2005,283229,49046,29713,83564,47686,26259,19724,27237,7351,284182
438,wandsworth,2006,287538,49633,30681,84574,48719,27028,20052,26851,9349,310943
439,wandsworth,2007,291440,50801,31437,84517,50123,27679,20364,26519,8415,372077
440,wandsworth,2008,294305,51958,31271,84808,50607,28688,20539,26434,3948,363817
441,wandsworth,2009,299347,53708,30424,85640,51736,30206,21070,26563,4387,340373
442,wandsworth,2010,302620,54749,29129,86788,52472,31220,21501,26761,5276,374487
443,wandsworth,2011,307710,55833,28218,89841,52228,32454,22057,27079,5244,386200
444,wandsworth,2012,308312,56959,25910,90256,52390,33132,21868,27797,5277,409392
445,wandsworth,2013,310516,58235,24347,90224,53335,34015,22109,28251,6265,457404
446,wandsworth,2014,312145,59703,23435,88895,54133,34875,22297,28807,6064,544515
447,wandsworth,2015,314544,60944,23839,86974,54913,35746,22819,29309,5928,572691
448,westminster,2002,208100,29844,26130,53742,33199,22168,18488,24529,6258,339622
449,westminster,2003,211009,30180,26930,54408,34128,21944,18924,24495,5089,363466
450,westminster,2004,214557,30602,27413,56039,35070,22060,19098,24275,5138,379395
451,westminster,2005,223132,31010,28875,59952,36790,22822,19404,24279,4884,399385
452,westminster,2006,222829,31142,27337,60193,37221,23287,19408,24241,6254,436864
453,westminster,2007,220619,31574,25664,58697,37618,23519,19428,24119,5351,514426
454,westminster,2008,218673,32152,24051,57419,37590,24023,19248,24190,2746,540196
455,westminster,2009,216980,33492,21680,55631,37880,24753,19196,24348,2859,532096
456,westminster,2010,217187,35120,21195,54163,37816,25288,19156,24449,3563,606698
457,westminster,2011,219582,36072,21978,54326,37478,25816,19289,24623,3277,632513
458,westminster,2012,223858,37582,22164,54260,38030,26945,19490,25387,3221,696926
459,westminster,2013,226841,39109,19777,54215,39106,28236,20023,26375,3635,789972
460,westminster,2014,233292,40694,20051,54515,40326,29553,20647,27506,3640,922702
461,westminster,2015,242299,42609,21956,55063,41854,30854,21578,28385,2926,964643
